<?xml version="1.0" encoding="UTF-8"?>
<mxGraphModel dx="871" dy="1684" grid="1" gridSize="10" guides="1" tooltips="1" connect="1" arrows="1" fold="1" page="1" pageScale="1" pageWidth="827" pageHeight="1169" math="0" shadow="0"><root><mxCell id="0"/><mxCell id="1" parent="0"/><mxCell id="HRYsmzshkyXe7Zku_gHg-1" value="" style="rounded=0;whiteSpace=wrap;html=1;strokeColor=#D6D6D6;fillColor=#D6D6D6;" parent="1" vertex="1"><mxGeometry x="792" y="-153" width="190" height="313" as="geometry"/></mxCell><mxCell id="wYoaVmDjJMtURulf4wsd-3" value="Neregistrirani korisnik&lt;br&gt;Registrirani korisnik&lt;br&gt;Moderator&lt;br&gt;Administrator&lt;br&gt;" style="rounded=1;whiteSpace=wrap;html=1;fillColor=#dae8fc;strokeColor=#6c8ebf;fontSize=14;" parent="1" vertex="1"><mxGeometry x="813.5" y="-101" width="150" height="80" as="geometry"/></mxCell><mxCell id="wYoaVmDjJMtURulf4wsd-4" value="Registrirani korisnik&lt;br&gt;Moderator&lt;br&gt;Administrator&lt;br style=&quot;font-size: 14px&quot;&gt;" style="rounded=1;whiteSpace=wrap;html=1;fillColor=#d5e8d4;strokeColor=#82b366;fontSize=14;" parent="1" vertex="1"><mxGeometry x="812" y="-14" width="151" height="62" as="geometry"/></mxCell><mxCell id="wYoaVmDjJMtURulf4wsd-5" value="Moderator&lt;br&gt;Administrator&lt;br&gt;" style="rounded=1;whiteSpace=wrap;html=1;fillColor=#fff2cc;strokeColor=#d6b656;fontSize=14;" parent="1" vertex="1"><mxGeometry x="812" y="54.5" width="150" height="39" as="geometry"/></mxCell><mxCell id="wYoaVmDjJMtURulf4wsd-6" value="Administrator&lt;br style=&quot;font-size: 14px;&quot;&gt;" style="rounded=1;whiteSpace=wrap;html=1;fillColor=#f8cecc;strokeColor=#b85450;fontSize=14;" parent="1" vertex="1"><mxGeometry x="812" y="103" width="150" height="30" as="geometry"/></mxCell><mxCell id="wYoaVmDjJMtURulf4wsd-49" style="edgeStyle=orthogonalEdgeStyle;curved=1;rounded=0;orthogonalLoop=1;jettySize=auto;html=1;exitX=0.5;exitY=1;exitDx=0;exitDy=0;entryX=0.5;entryY=0;entryDx=0;entryDy=0;endArrow=diamondThin;endFill=1;fontSize=14;" parent="1" source="wYoaVmDjJMtURulf4wsd-8" target="wYoaVmDjJMtURulf4wsd-48" edge="1"><mxGeometry relative="1" as="geometry"/></mxCell><mxCell id="wYoaVmDjJMtURulf4wsd-8" value="Kreiranje lokacije" style="rounded=1;whiteSpace=wrap;html=1;fontSize=14;fillColor=#f8cecc;strokeColor=#b85450;" parent="1" vertex="1"><mxGeometry x="640" y="545.5" width="120" height="60" as="geometry"/></mxCell><mxCell id="wYoaVmDjJMtURulf4wsd-11" value="Kreiranje opreme" style="rounded=1;whiteSpace=wrap;html=1;fontSize=14;fillColor=#f8cecc;strokeColor=#b85450;" parent="1" vertex="1"><mxGeometry x="797" y="547.5" width="120" height="60" as="geometry"/></mxCell><mxCell id="wYoaVmDjJMtURulf4wsd-65" style="edgeStyle=orthogonalEdgeStyle;curved=1;rounded=0;orthogonalLoop=1;jettySize=auto;html=1;exitX=0.75;exitY=1;exitDx=0;exitDy=0;entryX=0.25;entryY=0;entryDx=0;entryDy=0;endArrow=diamondThin;endFill=1;fontSize=14;" parent="1" source="wYoaVmDjJMtURulf4wsd-12" target="wYoaVmDjJMtURulf4wsd-13" edge="1"><mxGeometry relative="1" as="geometry"/></mxCell><mxCell id="wYoaVmDjJMtURulf4wsd-12" value="Registracija" style="rounded=1;whiteSpace=wrap;html=1;fontSize=14;fillColor=#dae8fc;strokeColor=#6c8ebf;" parent="1" vertex="1"><mxGeometry x="580" y="-3" width="120" height="60" as="geometry"/></mxCell><mxCell id="wYoaVmDjJMtURulf4wsd-54" style="edgeStyle=orthogonalEdgeStyle;curved=1;rounded=0;orthogonalLoop=1;jettySize=auto;html=1;exitX=0;exitY=0.5;exitDx=0;exitDy=0;entryX=1;entryY=0.5;entryDx=0;entryDy=0;endArrow=diamondThin;endFill=1;fontSize=14;" parent="1" source="wYoaVmDjJMtURulf4wsd-13" target="wYoaVmDjJMtURulf4wsd-28" edge="1"><mxGeometry relative="1" as="geometry"/></mxCell><mxCell id="wYoaVmDjJMtURulf4wsd-56" style="edgeStyle=orthogonalEdgeStyle;curved=1;rounded=0;orthogonalLoop=1;jettySize=auto;html=1;exitX=0.5;exitY=1;exitDx=0;exitDy=0;entryX=0.5;entryY=0;entryDx=0;entryDy=0;endArrow=diamondThin;endFill=1;fontSize=14;" parent="1" source="wYoaVmDjJMtURulf4wsd-13" target="wYoaVmDjJMtURulf4wsd-55" edge="1"><mxGeometry relative="1" as="geometry"/></mxCell><mxCell id="wYoaVmDjJMtURulf4wsd-61" style="edgeStyle=orthogonalEdgeStyle;curved=1;rounded=0;orthogonalLoop=1;jettySize=auto;html=1;exitX=1;exitY=0.5;exitDx=0;exitDy=0;entryX=0;entryY=0.5;entryDx=0;entryDy=0;endArrow=diamondThin;endFill=1;fontSize=14;" parent="1" source="wYoaVmDjJMtURulf4wsd-13" target="wYoaVmDjJMtURulf4wsd-60" edge="1"><mxGeometry relative="1" as="geometry"/></mxCell><mxCell id="wYoaVmDjJMtURulf4wsd-13" value="Prijava" style="rounded=1;whiteSpace=wrap;html=1;fontSize=14;fillColor=#d5e8d4;strokeColor=#82b366;" parent="1" vertex="1"><mxGeometry x="640" y="268" width="120" height="60" as="geometry"/></mxCell><mxCell id="wYoaVmDjJMtURulf4wsd-15" value="Stvaranje zahtjeva za najam opreme" style="rounded=1;whiteSpace=wrap;html=1;fontSize=14;fillColor=#fff2cc;strokeColor=#d6b656;" parent="1" vertex="1"><mxGeometry x="1010" y="268" width="120" height="60" as="geometry"/></mxCell><mxCell id="wYoaVmDjJMtURulf4wsd-24" style="edgeStyle=orthogonalEdgeStyle;curved=1;rounded=0;orthogonalLoop=1;jettySize=auto;html=1;exitX=0;exitY=0.5;exitDx=0;exitDy=0;entryX=0.5;entryY=0;entryDx=0;entryDy=0;endArrow=diamondThin;endFill=1;fontSize=14;" parent="1" source="wYoaVmDjJMtURulf4wsd-16" target="wYoaVmDjJMtURulf4wsd-22" edge="1"><mxGeometry relative="1" as="geometry"/></mxCell><mxCell id="wYoaVmDjJMtURulf4wsd-26" style="edgeStyle=orthogonalEdgeStyle;curved=1;rounded=0;orthogonalLoop=1;jettySize=auto;html=1;exitX=0.5;exitY=1;exitDx=0;exitDy=0;entryX=0.5;entryY=0;entryDx=0;entryDy=0;endArrow=diamondThin;endFill=1;fontSize=14;" parent="1" source="wYoaVmDjJMtURulf4wsd-16" target="wYoaVmDjJMtURulf4wsd-23" edge="1"><mxGeometry relative="1" as="geometry"/></mxCell><mxCell id="wYoaVmDjJMtURulf4wsd-16" value="Pretraživanje opreme po lokaciji" style="rounded=1;whiteSpace=wrap;html=1;fontSize=14;fillColor=#dae8fc;strokeColor=#6c8ebf;" parent="1" vertex="1"><mxGeometry x="400" y="-4" width="120" height="60" as="geometry"/></mxCell><mxCell id="wYoaVmDjJMtURulf4wsd-19" style="edgeStyle=orthogonalEdgeStyle;rounded=0;orthogonalLoop=1;jettySize=auto;html=1;exitX=0.25;exitY=1;exitDx=0;exitDy=0;entryX=0.5;entryY=0;entryDx=0;entryDy=0;endArrow=diamondThin;endFill=1;fontSize=14;curved=1;" parent="1" source="wYoaVmDjJMtURulf4wsd-17" target="wYoaVmDjJMtURulf4wsd-12" edge="1"><mxGeometry relative="1" as="geometry"/></mxCell><mxCell id="wYoaVmDjJMtURulf4wsd-20" style="edgeStyle=orthogonalEdgeStyle;rounded=0;orthogonalLoop=1;jettySize=auto;html=1;exitX=0;exitY=0.5;exitDx=0;exitDy=0;entryX=0.5;entryY=0;entryDx=0;entryDy=0;endArrow=diamondThin;endFill=1;fontSize=14;curved=1;" parent="1" source="wYoaVmDjJMtURulf4wsd-17" target="wYoaVmDjJMtURulf4wsd-16" edge="1"><mxGeometry relative="1" as="geometry"/></mxCell><mxCell id="wYoaVmDjJMtURulf4wsd-66" style="edgeStyle=orthogonalEdgeStyle;orthogonalLoop=1;jettySize=auto;html=1;entryX=0.689;entryY=0.017;entryDx=0;entryDy=0;entryPerimeter=0;endArrow=diamondThin;endFill=1;fontSize=14;strokeColor=#000000;curved=1;exitX=0.936;exitY=0.977;exitDx=0;exitDy=0;exitPerimeter=0;" parent="1" source="wYoaVmDjJMtURulf4wsd-17" target="wYoaVmDjJMtURulf4wsd-13" edge="1"><mxGeometry relative="1" as="geometry"><mxPoint x="723" y="-50" as="sourcePoint"/><Array as="points"><mxPoint x="722" y="-50"/></Array></mxGeometry></mxCell><mxCell id="HRYsmzshkyXe7Zku_gHg-5" style="edgeStyle=orthogonalEdgeStyle;curved=1;rounded=0;orthogonalLoop=1;jettySize=auto;html=1;exitX=0.25;exitY=1;exitDx=0;exitDy=0;entryX=0.5;entryY=0;entryDx=0;entryDy=0;endArrow=diamondThin;endFill=1;" parent="1" source="wYoaVmDjJMtURulf4wsd-12" target="HRYsmzshkyXe7Zku_gHg-4" edge="1"><mxGeometry relative="1" as="geometry"/></mxCell><mxCell id="wYoaVmDjJMtURulf4wsd-17" value="Početna" style="rounded=1;whiteSpace=wrap;html=1;fontSize=14;fillColor=#dae8fc;strokeColor=#6c8ebf;" parent="1" vertex="1"><mxGeometry x="610" y="-111" width="120" height="60" as="geometry"/></mxCell><mxCell id="wYoaVmDjJMtURulf4wsd-22" value="Informacije o opremi" style="rounded=1;whiteSpace=wrap;html=1;fontSize=14;fillColor=#dae8fc;strokeColor=#6c8ebf;" parent="1" vertex="1"><mxGeometry x="250" y="91" width="120" height="60" as="geometry"/></mxCell><mxCell id="wYoaVmDjJMtURulf4wsd-23" value="Informacije o lokaciji" style="rounded=1;whiteSpace=wrap;html=1;fontSize=14;fillColor=#dae8fc;strokeColor=#6c8ebf;" parent="1" vertex="1"><mxGeometry x="400" y="91" width="120" height="60" as="geometry"/></mxCell><mxCell id="wYoaVmDjJMtURulf4wsd-27" value="Kreiranje zahtjeva za slikanje&lt;br&gt;" style="rounded=1;whiteSpace=wrap;html=1;fontSize=14;fillColor=#d5e8d4;strokeColor=#82b366;" parent="1" vertex="1"><mxGeometry x="250" y="190" width="120" height="60" as="geometry"/></mxCell><mxCell id="wYoaVmDjJMtURulf4wsd-30" style="edgeStyle=orthogonalEdgeStyle;curved=1;rounded=0;orthogonalLoop=1;jettySize=auto;html=1;exitX=0.25;exitY=0;exitDx=0;exitDy=0;entryX=1;entryY=0.5;entryDx=0;entryDy=0;endArrow=diamondThin;endFill=1;fontSize=14;" parent="1" source="wYoaVmDjJMtURulf4wsd-28" target="wYoaVmDjJMtURulf4wsd-27" edge="1"><mxGeometry relative="1" as="geometry"/></mxCell><mxCell id="wYoaVmDjJMtURulf4wsd-34" style="edgeStyle=orthogonalEdgeStyle;curved=1;rounded=0;orthogonalLoop=1;jettySize=auto;html=1;exitX=0.25;exitY=1;exitDx=0;exitDy=0;endArrow=diamondThin;endFill=1;fontSize=14;entryX=1;entryY=0.5;entryDx=0;entryDy=0;" parent="1" source="wYoaVmDjJMtURulf4wsd-28" target="wYoaVmDjJMtURulf4wsd-33" edge="1"><mxGeometry relative="1" as="geometry"/></mxCell><mxCell id="wYoaVmDjJMtURulf4wsd-45" style="edgeStyle=orthogonalEdgeStyle;curved=1;rounded=0;orthogonalLoop=1;jettySize=auto;html=1;exitX=0;exitY=0.5;exitDx=0;exitDy=0;entryX=1;entryY=0.5;entryDx=0;entryDy=0;endArrow=diamondThin;endFill=1;fontSize=14;" parent="1" source="wYoaVmDjJMtURulf4wsd-28" target="wYoaVmDjJMtURulf4wsd-31" edge="1"><mxGeometry relative="1" as="geometry"/></mxCell><mxCell id="wYoaVmDjJMtURulf4wsd-28" value="Početna za registriranog korisnika" style="rounded=1;whiteSpace=wrap;html=1;fontSize=14;fillColor=#d5e8d4;strokeColor=#82b366;" parent="1" vertex="1"><mxGeometry x="440" y="268" width="120" height="60" as="geometry"/></mxCell><mxCell id="wYoaVmDjJMtURulf4wsd-31" value="Pregled kreiranih zahtjeva za slikanje" style="rounded=1;whiteSpace=wrap;html=1;fontSize=14;fillColor=#d5e8d4;strokeColor=#82b366;" parent="1" vertex="1"><mxGeometry x="250" y="268" width="120" height="60" as="geometry"/></mxCell><mxCell id="wYoaVmDjJMtURulf4wsd-33" value="Slike u kojima sam označen" style="rounded=1;whiteSpace=wrap;html=1;fontSize=14;fillColor=#d5e8d4;strokeColor=#82b366;" parent="1" vertex="1"><mxGeometry x="250" y="346" width="120" height="60" as="geometry"/></mxCell><mxCell id="wYoaVmDjJMtURulf4wsd-35" value="Pregled zahtjeva za slikanje&lt;br&gt;" style="rounded=1;whiteSpace=wrap;html=1;fontSize=14;fillColor=#fff2cc;strokeColor=#d6b656;" parent="1" vertex="1"><mxGeometry x="1010" y="360" width="120" height="60" as="geometry"/></mxCell><mxCell id="wYoaVmDjJMtURulf4wsd-42" style="edgeStyle=orthogonalEdgeStyle;curved=1;rounded=0;orthogonalLoop=1;jettySize=auto;html=1;exitX=1;exitY=0.25;exitDx=0;exitDy=0;entryX=0;entryY=0.5;entryDx=0;entryDy=0;endArrow=diamondThin;endFill=1;fontSize=14;" parent="1" source="wYoaVmDjJMtURulf4wsd-39" target="wYoaVmDjJMtURulf4wsd-41" edge="1"><mxGeometry relative="1" as="geometry"/></mxCell><mxCell id="wYoaVmDjJMtURulf4wsd-44" style="edgeStyle=orthogonalEdgeStyle;curved=1;rounded=0;orthogonalLoop=1;jettySize=auto;html=1;exitX=1;exitY=0.75;exitDx=0;exitDy=0;entryX=0;entryY=0.5;entryDx=0;entryDy=0;endArrow=diamondThin;endFill=1;fontSize=14;" parent="1" source="wYoaVmDjJMtURulf4wsd-39" target="wYoaVmDjJMtURulf4wsd-43" edge="1"><mxGeometry relative="1" as="geometry"/></mxCell><mxCell id="wYoaVmDjJMtURulf4wsd-39" value="Pregled mojih slika" style="rounded=1;whiteSpace=wrap;html=1;fontSize=14;fillColor=#fff2cc;strokeColor=#d6b656;" parent="1" vertex="1"><mxGeometry x="1010" y="190" width="120" height="60" as="geometry"/></mxCell><mxCell id="wYoaVmDjJMtURulf4wsd-41" value="Postavljanje slike u marketinške svrhe" style="rounded=1;whiteSpace=wrap;html=1;fontSize=14;fillColor=#fff2cc;strokeColor=#d6b656;" parent="1" vertex="1"><mxGeometry x="1183" y="130" width="120" height="60" as="geometry"/></mxCell><mxCell id="wYoaVmDjJMtURulf4wsd-43" value="Dodavanje nove slike" style="rounded=1;whiteSpace=wrap;html=1;fontSize=14;fillColor=#fff2cc;strokeColor=#d6b656;" parent="1" vertex="1"><mxGeometry x="1183" y="250" width="120" height="60" as="geometry"/></mxCell><mxCell id="wYoaVmDjJMtURulf4wsd-48" value="Dodjeljivanje moderatora lokaciji" style="rounded=1;whiteSpace=wrap;html=1;fontSize=14;fillColor=#f8cecc;strokeColor=#b85450;" parent="1" vertex="1"><mxGeometry x="640" y="655.5" width="120" height="60" as="geometry"/></mxCell><mxCell id="wYoaVmDjJMtURulf4wsd-51" value="Pregled zahtjeva za najam opreme" style="rounded=1;whiteSpace=wrap;html=1;fontSize=14;fillColor=#f8cecc;strokeColor=#b85450;" parent="1" vertex="1"><mxGeometry x="483" y="545.5" width="120" height="60" as="geometry"/></mxCell><mxCell id="wYoaVmDjJMtURulf4wsd-57" style="edgeStyle=orthogonalEdgeStyle;curved=1;rounded=0;orthogonalLoop=1;jettySize=auto;html=1;exitX=0.5;exitY=1;exitDx=0;exitDy=0;entryX=0.5;entryY=0;entryDx=0;entryDy=0;endArrow=diamondThin;endFill=1;fontSize=14;" parent="1" source="wYoaVmDjJMtURulf4wsd-55" target="wYoaVmDjJMtURulf4wsd-8" edge="1"><mxGeometry relative="1" as="geometry"/></mxCell><mxCell id="wYoaVmDjJMtURulf4wsd-58" style="edgeStyle=orthogonalEdgeStyle;curved=1;rounded=0;orthogonalLoop=1;jettySize=auto;html=1;entryX=0.5;entryY=0;entryDx=0;entryDy=0;endArrow=diamondThin;endFill=1;fontSize=14;exitX=1;exitY=0.75;exitDx=0;exitDy=0;" parent="1" source="wYoaVmDjJMtURulf4wsd-55" target="wYoaVmDjJMtURulf4wsd-11" edge="1"><mxGeometry relative="1" as="geometry"><mxPoint x="760" y="450" as="sourcePoint"/></mxGeometry></mxCell><mxCell id="wYoaVmDjJMtURulf4wsd-59" style="edgeStyle=orthogonalEdgeStyle;curved=1;rounded=0;orthogonalLoop=1;jettySize=auto;html=1;exitX=0;exitY=0.75;exitDx=0;exitDy=0;entryX=0.5;entryY=0;entryDx=0;entryDy=0;endArrow=diamondThin;endFill=1;fontSize=14;" parent="1" source="wYoaVmDjJMtURulf4wsd-55" target="wYoaVmDjJMtURulf4wsd-51" edge="1"><mxGeometry relative="1" as="geometry"/></mxCell><mxCell id="wYoaVmDjJMtURulf4wsd-68" style="edgeStyle=orthogonalEdgeStyle;curved=1;orthogonalLoop=1;jettySize=auto;html=1;exitX=0;exitY=0.5;exitDx=0;exitDy=0;entryX=0.5;entryY=0;entryDx=0;entryDy=0;endArrow=diamondThin;endFill=1;strokeColor=#000000;fontSize=14;" parent="1" source="wYoaVmDjJMtURulf4wsd-55" target="wYoaVmDjJMtURulf4wsd-67" edge="1"><mxGeometry relative="1" as="geometry"/></mxCell><mxCell id="HRYsmzshkyXe7Zku_gHg-3" style="edgeStyle=orthogonalEdgeStyle;rounded=0;orthogonalLoop=1;jettySize=auto;html=1;exitX=1;exitY=0.5;exitDx=0;exitDy=0;entryX=0.5;entryY=0;entryDx=0;entryDy=0;curved=1;endArrow=diamondThin;endFill=1;" parent="1" source="wYoaVmDjJMtURulf4wsd-55" target="HRYsmzshkyXe7Zku_gHg-2" edge="1"><mxGeometry relative="1" as="geometry"/></mxCell><mxCell id="wYoaVmDjJMtURulf4wsd-55" value="Početna za administratora&lt;br&gt;" style="rounded=1;whiteSpace=wrap;html=1;fontSize=14;fillColor=#f8cecc;strokeColor=#b85450;" parent="1" vertex="1"><mxGeometry x="640" y="420" width="120" height="60" as="geometry"/></mxCell><mxCell id="wYoaVmDjJMtURulf4wsd-62" style="edgeStyle=orthogonalEdgeStyle;curved=1;rounded=0;orthogonalLoop=1;jettySize=auto;html=1;exitX=1;exitY=0.5;exitDx=0;exitDy=0;entryX=0;entryY=0.5;entryDx=0;entryDy=0;endArrow=diamondThin;endFill=1;fontSize=14;" parent="1" source="wYoaVmDjJMtURulf4wsd-60" target="wYoaVmDjJMtURulf4wsd-15" edge="1"><mxGeometry relative="1" as="geometry"/></mxCell><mxCell id="wYoaVmDjJMtURulf4wsd-63" style="edgeStyle=orthogonalEdgeStyle;curved=1;rounded=0;orthogonalLoop=1;jettySize=auto;html=1;exitX=0.75;exitY=0;exitDx=0;exitDy=0;entryX=0;entryY=0.5;entryDx=0;entryDy=0;endArrow=diamondThin;endFill=1;fontSize=14;" parent="1" source="wYoaVmDjJMtURulf4wsd-60" target="wYoaVmDjJMtURulf4wsd-39" edge="1"><mxGeometry relative="1" as="geometry"/></mxCell><mxCell id="wYoaVmDjJMtURulf4wsd-64" style="edgeStyle=orthogonalEdgeStyle;curved=1;rounded=0;orthogonalLoop=1;jettySize=auto;html=1;exitX=0.75;exitY=1;exitDx=0;exitDy=0;entryX=0;entryY=0.5;entryDx=0;entryDy=0;endArrow=diamondThin;endFill=1;fontSize=14;" parent="1" source="wYoaVmDjJMtURulf4wsd-60" target="wYoaVmDjJMtURulf4wsd-35" edge="1"><mxGeometry relative="1" as="geometry"/></mxCell><mxCell id="wYoaVmDjJMtURulf4wsd-60" value="Početna za moderatora" style="rounded=1;whiteSpace=wrap;html=1;fontSize=14;fillColor=#fff2cc;strokeColor=#d6b656;" parent="1" vertex="1"><mxGeometry x="827" y="268" width="120" height="60" as="geometry"/></mxCell><mxCell id="wYoaVmDjJMtURulf4wsd-67" value="Pregled statistike" style="rounded=1;whiteSpace=wrap;html=1;fontSize=14;fillColor=#f8cecc;strokeColor=#b85450;" parent="1" vertex="1"><mxGeometry x="326" y="547.5" width="120" height="60" as="geometry"/></mxCell><mxCell id="HRYsmzshkyXe7Zku_gHg-2" value="Popis blokiranih korisnika&lt;br&gt;" style="rounded=1;whiteSpace=wrap;html=1;fontSize=14;fillColor=#f8cecc;strokeColor=#b85450;" parent="1" vertex="1"><mxGeometry x="954" y="548" width="120" height="60" as="geometry"/></mxCell><mxCell id="HRYsmzshkyXe7Zku_gHg-4" value="Uvjeti korištenja" style="rounded=1;whiteSpace=wrap;html=1;fontSize=14;fillColor=#dae8fc;strokeColor=#6c8ebf;" parent="1" vertex="1"><mxGeometry x="543" y="91" width="120" height="60" as="geometry"/></mxCell><mxCell id="HRYsmzshkyXe7Zku_gHg-6" value="Legenda" style="text;html=1;resizable=0;points=[];autosize=1;align=left;verticalAlign=top;spacingTop=-4;fontSize=18;" parent="1" vertex="1"><mxGeometry x="808" y="-143" width="60" height="20" as="geometry"/></mxCell></root></mxGraphModel>