[{
    "id_user": "9",
    "id_status": "2",
    "id_type": "3",
    "username": "mjurisic",
    "name": "Markos",
    "surname": "Juri\u0161i\u0107",
    "email": "mjurisic@suremail.info",
    "image": "images\/users\/mjurisic_Chrysanthemum.jpg",
    "code": "1356647516",
    "failed_login": "0",
    "blocked_until": "0000-00-00 00:00:00",
    "password": "321"
}, {
    "id_user": "10",
    "id_status": "2",
    "id_type": "1",
    "username": "jseva",
    "name": "Jurica",
    "surname": "\u0160eva",
    "email": "jseva@mailinator.com",
    "image": "images\/users\/default.jpg",
    "code": "1334431668",
    "failed_login": "0",
    "blocked_until": "0000-00-00 00:00:00",
    "password": "321"
}, {
    "id_user": "11",
    "id_status": "2",
    "id_type": "3",
    "username": "admin",
    "name": "admin",
    "surname": "admin",
    "email": "admin@foi.hr",
    "image": "images\/users\/default.jpg",
    "code": null,
    "failed_login": null,
    "blocked_until": null,
    "password": "123456"
}, {
    "id_user": "12",
    "id_status": "2",
    "id_type": "2",
    "username": "moderator",
    "name": "moderator",
    "surname": "moderator",
    "email": "moderator@foi.hr",
    "image": "images\/users\/default.jpg",
    "code": null,
    "failed_login": null,
    "blocked_until": null,
    "password": "123456"
}, {
    "id_user": "13",
    "id_status": "1",
    "id_type": "1",
    "username": "pkos",
    "name": "pero",
    "surname": "kos",
    "email": "pkos@mailinator.com",
    "image": "images\/users\/default.jpg",
    "code": null,
    "failed_login": null,
    "blocked_until": null,
    "password": "123456"
}, {
    "id_user": "14",
    "id_status": "1",
    "id_type": "1",
    "username": "jzec",
    "name": "jura",
    "surname": "zec",
    "email": "jzec@foi.hr",
    "image": "images\/users\/default.jpg",
    "code": null,
    "failed_login": null,
    "blocked_until": null,
    "password": "123456"
}, {
    "id_user": "15",
    "id_status": "1",
    "id_type": "1",
    "username": "vvuk",
    "name": "vlatka",
    "surname": "vuk",
    "email": "vvuk@foi.hr",
    "image": "images\/users\/default.jpg",
    "code": null,
    "failed_login": null,
    "blocked_until": null,
    "password": "123456"
}, {
    "id_user": "16",
    "id_status": "1",
    "id_type": "1",
    "username": "ssom",
    "name": "stypee",
    "surname": "som",
    "email": "ssom@foi.hr",
    "image": "images\/users\/default.jpg",
    "code": null,
    "failed_login": null,
    "blocked_until": null,
    "password": "123456"
}, {
    "id_user": "17",
    "id_status": "1",
    "id_type": "1",
    "username": "bvlasic",
    "name": "blanka",
    "surname": "vlasic",
    "email": "bvlasic@foi.hr",
    "image": "images\/users\/default.jpg",
    "code": null,
    "failed_login": null,
    "blocked_until": null,
    "password": "123456"
}, {
    "id_user": "18",
    "id_status": "1",
    "id_type": "1",
    "username": "jkostelic",
    "name": "janica",
    "surname": "kostelic",
    "email": "jkostelic@foi.hr",
    "image": "images\/users\/default.jpg",
    "code": null,
    "failed_login": null,
    "blocked_until": null,
    "password": "123456"
}, {
    "id_user": "19",
    "id_status": "1",
    "id_type": "1",
    "username": "ikostelic",
    "name": "ivica",
    "surname": "kostelic",
    "email": "ikostelic@foi.hr",
    "image": "images\/users\/default.jpg",
    "code": null,
    "failed_login": null,
    "blocked_until": null,
    "password": "123456"
}, {
    "id_user": "20",
    "id_status": "1",
    "id_type": "1",
    "username": "iolic",
    "name": "ivica",
    "surname": "olic",
    "email": "iolic@foi.hr",
    "image": "images\/users\/default.jpg",
    "code": null,
    "failed_login": null,
    "blocked_until": null,
    "password": "123456"
}, {
    "id_user": "21",
    "id_status": "1",
    "id_type": "1",
    "username": "ivastic",
    "name": "ivica",
    "surname": "vastic",
    "email": "ivastic@foi.hr",
    "image": "images\/users\/default.jpg",
    "code": null,
    "failed_login": null,
    "blocked_until": null,
    "password": "123456"
}, {
    "id_user": "22",
    "id_status": "1",
    "id_type": "1",
    "username": "jhetfield",
    "name": "james",
    "surname": "hetfield",
    "email": "jhetfield@foi.hr",
    "image": "images\/users\/default.jpg",
    "code": null,
    "failed_login": null,
    "blocked_until": null,
    "password": "123456"
}, {
    "id_user": "23",
    "id_status": "1",
    "id_type": "1",
    "username": "lurlich",
    "name": "lars",
    "surname": "ulrich",
    "email": "lurlich@foi.hr",
    "image": "images\/users\/default.jpg",
    "code": null,
    "failed_login": null,
    "blocked_until": null,
    "password": "123456"
}, {
    "id_user": "24",
    "id_status": "1",
    "id_type": "1",
    "username": "khammett",
    "name": "kirk",
    "surname": "hammet",
    "email": "khammet@foi.hr",
    "image": "images\/users\/default.jpg",
    "code": null,
    "failed_login": null,
    "blocked_until": null,
    "password": "123456"
}, {
    "id_user": "25",
    "id_status": "1",
    "id_type": "1",
    "username": "cburton",
    "name": "cliff",
    "surname": "burton",
    "email": "cburton@foi.hr",
    "image": "images\/users\/default.jpg",
    "code": null,
    "failed_login": null,
    "blocked_until": null,
    "password": "123456"
}, {
    "id_user": "26",
    "id_status": "1",
    "id_type": "1",
    "username": "jnewstead",
    "name": "jason",
    "surname": "newstead",
    "email": "jnewstead@foi.hr",
    "image": "images\/users\/default.jpg",
    "code": null,
    "failed_login": null,
    "blocked_until": null,
    "password": "123456"
}, {
    "id_user": "27",
    "id_status": "1",
    "id_type": "1",
    "username": "rtrujillo",
    "name": "robert",
    "surname": "trujillo",
    "email": "robert.trujillo@foi.hr",
    "image": "images\/users\/default.jpg",
    "code": null,
    "failed_login": null,
    "blocked_until": null,
    "password": "123456"
}, {
    "id_user": "28",
    "id_status": "1",
    "id_type": "1",
    "username": "pkos1",
    "name": "pero",
    "surname": "kos",
    "email": "pkos@mailinator.com",
    "image": "images\/users\/default.jpg",
    "code": null,
    "failed_login": null,
    "blocked_until": null,
    "password": "123456"
}, {
    "id_user": "29",
    "id_status": "1",
    "id_type": "1",
    "username": "jzec2",
    "name": "jura",
    "surname": "zec",
    "email": "jzec@foi.hr",
    "image": "images\/users\/default.jpg",
    "code": null,
    "failed_login": null,
    "blocked_until": null,
    "password": "123456"
}, {
    "id_user": "30",
    "id_status": "1",
    "id_type": "1",
    "username": "vvuk3",
    "name": "vlatka",
    "surname": "vuk",
    "email": "vvuk@foi.hr",
    "image": "images\/users\/default.jpg",
    "code": null,
    "failed_login": null,
    "blocked_until": null,
    "password": "123456"
}, {
    "id_user": "31",
    "id_status": "1",
    "id_type": "1",
    "username": "ssom1",
    "name": "stypee",
    "surname": "som",
    "email": "ssom@foi.hr",
    "image": "images\/users\/default.jpg",
    "code": null,
    "failed_login": null,
    "blocked_until": null,
    "password": "123456"
}, {
    "id_user": "32",
    "id_status": "1",
    "id_type": "1",
    "username": "bvlasic1",
    "name": "blanka",
    "surname": "vlasic",
    "email": "bvlasic@foi.hr",
    "image": "images\/users\/default.jpg",
    "code": null,
    "failed_login": null,
    "blocked_until": null,
    "password": "123456"
}, {
    "id_user": "33",
    "id_status": "1",
    "id_type": "1",
    "username": "jkostelic1",
    "name": "janica",
    "surname": "kostelic",
    "email": "jkostelic@foi.hr",
    "image": "images\/users\/default.jpg",
    "code": null,
    "failed_login": null,
    "blocked_until": null,
    "password": "123456"
}, {
    "id_user": "34",
    "id_status": "1",
    "id_type": "1",
    "username": "ikostelic1",
    "name": "ivica",
    "surname": "kostelic",
    "email": "ikostelic@foi.hr",
    "image": "images\/users\/default.jpg",
    "code": null,
    "failed_login": null,
    "blocked_until": null,
    "password": "123456"
}, {
    "id_user": "35",
    "id_status": "1",
    "id_type": "1",
    "username": "iolic1",
    "name": "ivica",
    "surname": "olic",
    "email": "iolic@foi.hr",
    "image": "images\/users\/default.jpg",
    "code": null,
    "failed_login": null,
    "blocked_until": null,
    "password": "123456"
}, {
    "id_user": "36",
    "id_status": "1",
    "id_type": "1",
    "username": "ivastic1",
    "name": "ivica",
    "surname": "vastic",
    "email": "ivastic@foi.hr",
    "image": "images\/users\/default.jpg",
    "code": null,
    "failed_login": null,
    "blocked_until": null,
    "password": "123456"
}, {
    "id_user": "37",
    "id_status": "1",
    "id_type": "1",
    "username": "jhetfield1",
    "name": "james",
    "surname": "hetfield",
    "email": "jhetfield@foi.hr",
    "image": "images\/users\/default.jpg",
    "code": null,
    "failed_login": null,
    "blocked_until": null,
    "password": "123456"
}, {
    "id_user": "38",
    "id_status": "1",
    "id_type": "1",
    "username": "lurlich1",
    "name": "Lars",
    "surname": "Ulrich",
    "email": "lurlich@foi.hr",
    "image": "images\/users\/default.jpg",
    "code": "1334431912",
    "failed_login": null,
    "blocked_until": null,
    "password": "123456"
}, {
    "id_user": "39",
    "id_status": "1",
    "id_type": "1",
    "username": "khammett1",
    "name": "kirk",
    "surname": "hammet",
    "email": "khammet@foi.hr",
    "image": "images\/users\/default.jpg",
    "code": null,
    "failed_login": null,
    "blocked_until": null,
    "password": "123456"
}, {
    "id_user": "40",
    "id_status": "1",
    "id_type": "1",
    "username": "cburton1",
    "name": "cliff",
    "surname": "burton",
    "email": "cburton@foi.hr",
    "image": "images\/users\/default.jpg",
    "code": null,
    "failed_login": null,
    "blocked_until": null,
    "password": "123456"
}, {
    "id_user": "41",
    "id_status": "1",
    "id_type": "1",
    "username": "jnewstead1",
    "name": "jason",
    "surname": "newstead",
    "email": "jnewstead@foi.hr",
    "image": "images\/users\/default.jpg",
    "code": null,
    "failed_login": null,
    "blocked_until": null,
    "password": "123456"
}, {
    "id_user": "42",
    "id_status": "1",
    "id_type": "1",
    "username": "rtrujillo1",
    "name": "robert",
    "surname": "trujillo",
    "email": "robert.trujillo@foi.hr",
    "image": "images\/users\/default.jpg",
    "code": null,
    "failed_login": null,
    "blocked_until": null,
    "password": "123456"
}, {
    "id_user": "43",
    "id_status": "1",
    "id_type": "1",
    "username": "malnamedo2",
    "name": "Mali",
    "surname": "Medo",
    "email": "malnamedo@mailinator.com",
    "image": "images\/users\/malnamedo2_Koala.jpg",
    "code": "1334566362",
    "failed_login": "0",
    "blocked_until": "0000-00-00 00:00:00",
    "password": "Medo12!"
}, {
    "id_user": "44",
    "id_status": "2",
    "id_type": "1",
    "username": "malnamedo3",
    "name": "mali",
    "surname": "medo",
    "email": "malnamedo@mailinator.com",
    "image": "images\/users\/malnamedo3_malnamedo.jpg",
    "code": "1334566500",
    "failed_login": "0",
    "blocked_until": "0000-00-00 00:00:00",
    "password": "Medo12!"
}]